category,count,percentage
High,1.0,33.33333333333333
Moderate,1.0,33.33333333333333
Very Low,1.0,33.33333333333333
Mean Score,0.4833333333333334,
Min Score,0.15000000000000002,
Max Score,0.8,
