slope,intercept,r_squared,p_value,std_error
1.249685117413031,-0.1803378617921167,0.0826417350346578,2.683960735071443e-08,0.2197470984483974
