relationship,x_variable,y_variable,pearson_r,pearson_p,spearman_rho,spearman_p,slope,intercept,r_squared,regression_p_value,std_error
Combined Sparsity vs. Antisymmetry Error,combined_sparsity,antisymmetry_error,-0.016660838303099612,0.9209157766091176,-0.05483200306470283,0.7436965453023224,-0.05316400358422102,0.3921545897583148,0.0002775835329620308,0.9209157766091186,0.5317521981695719
Combined Sparsity vs. Epistasis Error,combined_sparsity,epistasis_error,0.5688699061992067,0.00019404672627674926,0.5859503227924281,0.00011100719484096192,0.41529543740207986,0.14961063871205754,0.323612970179094,0.00019404672627674983,0.10006693211111037
Antisymmetry Error vs. Epistasis Error,antisymmetry_error,epistasis_error,0.12214804466077168,0.4650476859072493,0.107037323347863,0.5224180000018767,0.027945371675124276,0.3034623850997905,0.014920144814449863,0.46504768590724954,0.0378449416073232
