rank,mutation,reliability_score,predicted_stability,industrial_fitness_score
1,TKT_A569L,0.8788567116757536,1.05,0.9345783457496619
2,TKT_I51M,0.7929788327898228,1.156,0.9162573775845365
3,TKT_K32H,0.8631072865848963,0.895,0.9140225714218747
4,TKT_A588W,0.9042297825001879,0.815,0.9087291579389857
5,TKT_I576L,0.8439565333041517,0.978,0.894821584880811
6,TKT_F558V,0.8048880992986553,0.966,0.8916445782889149
7,TKT_L60A,0.7636858551083444,1.079,0.8820251789901229
8,TKT_V582W,0.8748763722378005,0.706,0.8794803524447388
9,TKT_Y562W,0.8692555360087154,0.533,0.8745877087696547
10,TKT_H42R,0.8357182708723363,0.594,0.8664117246911595
11,TKT_I581L,0.9092899010714519,0.316,0.8608276553929974
12,TKT_W535V,0.7171508849989084,1.019,0.8600703604331528
13,TKT_T566Q,0.8467859231097483,0.56,0.8562342853018028
14,TKT_F517I,0.678452723327126,1.122,0.8528154404902234
15,TKT_L60I,0.8109900002943682,0.574,0.8521777209732293
16,TKT_F516V,0.6988729581599065,0.895,0.8444303099356879
17,TKT_M1Y,0.9686831341641947,-0.025,0.8396580618044072
18,TKT_Y2A,0.9860756197234279,-0.107,0.8370912310781822
19,TKT_Y2W,0.9886768659963865,-0.122,0.8369821851440861
20,TKT_M498F,0.7239091670272221,0.576,0.8269395835226176
21,TKT_W597M,0.9416136596348246,-0.039,0.8259893420445164
22,TKT_M4F,0.9636485549619264,-0.149,0.825300465561319
23,TKT_T586S,0.935098779976015,-0.016,0.8247636519359896
24,TKT_M8F,0.94821732467315,-0.071,0.8243453210378915
25,TKT_W7F,0.9292232897710826,-0.004,0.824089309700746
