slope,intercept,r_squared,p_value,std_error
1.1493929195702006,-0.049184154298878846,0.10664878010774767,0.013163137158522319,0.44855979441514987
